entity_id,label,ANCHOR_TIMESTAMP,PREDICTION,FALSE_PROB,TRUE_PROB
0,1.0,2024-06-24 00:00:00+00:00,True,0.2704802453517914,0.729519784450531
1,0.0,2024-06-24 00:00:00+00:00,False,0.7592254281044006,0.24077460169792175
2,0.0,2024-06-24 00:00:00+00:00,True,0.267408162355423,0.7325918078422546
3,1.0,2024-06-24 00:00:00+00:00,False,0.8577680587768555,0.14223188161849976
4,1.0,2024-06-24 00:00:00+00:00,False,0.7248703241348267,0.2751297354698181
5,0.0,2024-06-24 00:00:00+00:00,False,0.9362850189208984,0.06371499598026276
6,1.0,2024-06-24 00:00:00+00:00,False,0.8807970285415649,0.11920291930437088
7,0.0,2024-06-24 00:00:00+00:00,False,0.896251380443573,0.1037486270070076
8,0.0,2024-06-24 00:00:00+00:00,False,0.9216402173042297,0.07835981249809265
9,0.0,2024-06-24 00:00:00+00:00,False,0.929440438747406,0.07055959850549698
10,0.0,2024-06-24 00:00:00+00:00,False,0.8068526387214661,0.19314737617969513
11,0.0,2024-06-24 00:00:00+00:00,False,0.5755879878997803,0.4244120121002197
12,1.0,2024-06-24 00:00:00+00:00,True,0.16667540371418,0.8333246111869812
13,0.0,2024-06-24 00:00:00+00:00,True,0.27202457189559937,0.7279754281044006
14,0.0,2024-06-24 00:00:00+00:00,True,0.46101680397987366,0.5389832258224487
15,0.0,2024-06-24 00:00:00+00:00,False,0.9473810195922852,0.052618954330682755
16,1.0,2024-06-24 00:00:00+00:00,False,0.6279512047767639,0.3720487952232361
17,1.0,2024-06-24 00:00:00+00:00,False,0.6334102749824524,0.36658975481987
18,0.0,2024-06-24 00:00:00+00:00,False,0.9121235609054565,0.08787643909454346
19,1.0,2024-06-24 00:00:00+00:00,True,0.41679665446281433,0.5832033753395081
20,0.0,2024-06-24 00:00:00+00:00,False,0.8019358515739441,0.1980641782283783
21,1.0,2024-06-24 00:00:00+00:00,True,0.2465333491563797,0.7534666657447815
22,1.0,2024-06-24 00:00:00+00:00,True,0.4824291169643402,0.5175709128379822
23,1.0,2024-06-24 00:00:00+00:00,True,0.18713268637657166,0.8128673434257507
24,0.0,2024-06-24 00:00:00+00:00,False,0.8539127111434937,0.14608724415302277
25,1.0,2024-06-24 00:00:00+00:00,True,0.34510529041290283,0.6548947095870972
26,0.0,2024-06-24 00:00:00+00:00,False,0.7201715111732483,0.2798285186290741
27,0.0,2024-06-24 00:00:00+00:00,True,0.19072401523590088,0.8092759251594543
28,0.0,2024-06-24 00:00:00+00:00,False,0.7956580519676208,0.20434190332889557
29,1.0,2024-06-24 00:00:00+00:00,True,0.31573596596717834,0.6842640042304993
30,0.0,2024-06-24 00:00:00+00:00,False,0.6095241904258728,0.3904758393764496
31,0.0,2024-06-24 00:00:00+00:00,False,0.9205042719841003,0.07949570566415787
32,1.0,2024-06-24 00:00:00+00:00,True,0.1980641782283783,0.8019358515739441
33,1.0,2024-06-24 00:00:00+00:00,False,0.6150878667831421,0.3849121630191803
34,1.0,2024-06-24 00:00:00+00:00,True,0.13117322325706482,0.8688268065452576
35,0.0,2024-06-24 00:00:00+00:00,False,0.8714748620986938,0.12852513790130615
36,0.0,2024-06-24 00:00:00+00:00,False,0.8643104434013367,0.13568954169750214
37,0.0,2024-06-24 00:00:00+00:00,False,0.642432451248169,0.35756751894950867
38,0.0,2024-06-24 00:00:00+00:00,False,0.6791787147521973,0.3208213150501251
39,0.0,2024-06-24 00:00:00+00:00,False,0.8210441470146179,0.17895591259002686
40,0.0,2024-06-24 00:00:00+00:00,False,0.8587185740470886,0.14128142595291138
41,0.0,2024-06-24 00:00:00+00:00,False,0.7704647779464722,0.22953520715236664
42,0.0,2024-06-24 00:00:00+00:00,False,0.9233161807060242,0.07668379694223404
43,0.0,2024-06-24 00:00:00+00:00,False,0.7956580519676208,0.20434190332889557
44,0.0,2024-06-24 00:00:00+00:00,False,0.8872045874595642,0.1127953976392746
45,1.0,2024-06-24 00:00:00+00:00,True,0.08694165199995041,0.9130582809448242
46,0.0,2024-06-24 00:00:00+00:00,False,0.6388352513313293,0.36116471886634827
47,1.0,2024-06-24 00:00:00+00:00,True,0.09334687888622284,0.9066531658172607
48,1.0,2024-06-24 00:00:00+00:00,True,0.08035746961832047,0.9196425676345825
49,1.0,2024-06-24 00:00:00+00:00,False,0.5,0.5
50,0.0,2024-06-24 00:00:00+00:00,False,0.8918110132217407,0.10818894952535629
51,1.0,2024-06-24 00:00:00+00:00,True,0.1550784707069397,0.8449215292930603
52,0.0,2024-06-24 00:00:00+00:00,False,0.9086179733276367,0.09138210862874985
53,0.0,2024-06-24 00:00:00+00:00,True,0.3849121630191803,0.6150878667831421
54,1.0,2024-06-24 00:00:00+00:00,True,0.35220178961753845,0.6477982401847839
55,1.0,2024-06-24 00:00:00+00:00,True,0.25091278553009033,0.7490872144699097
56,0.0,2024-06-24 00:00:00+00:00,True,0.10743747651576996,0.8925625681877136
57,0.0,2024-06-24 00:00:00+00:00,False,0.9233161807060242,0.07668379694223404
58,1.0,2024-06-24 00:00:00+00:00,True,0.23651622235774994,0.7634837031364441
59,1.0,2024-06-24 00:00:00+00:00,True,0.3191213607788086,0.6808785796165466
60,0.0,2024-06-24 00:00:00+00:00,False,0.896975576877594,0.1030244305729866
61,1.0,2024-06-24 00:00:00+00:00,True,0.39606815576553345,0.6039317846298218
62,1.0,2024-06-24 00:00:00+00:00,True,0.1859472095966339,0.8140527606010437
63,0.0,2024-06-24 00:00:00+00:00,False,0.8244618773460388,0.1755380630493164
64,0.0,2024-06-24 00:00:00+00:00,False,0.8509646654129028,0.1490352898836136
65,0.0,2024-06-24 00:00:00+00:00,False,0.5794004201889038,0.4205996096134186
66,0.0,2024-06-24 00:00:00+00:00,False,0.7549149990081787,0.24508501589298248
67,1.0,2024-06-24 00:00:00+00:00,True,0.20561504364013672,0.7943849563598633
68,0.0,2024-06-24 00:00:00+00:00,False,0.793105959892273,0.20689405500888824
69,0.0,2024-06-24 00:00:00+00:00,False,0.6076632142066956,0.3923368453979492
70,1.0,2024-06-24 00:00:00+00:00,True,0.1127953976392746,0.8872045874595642
71,0.0,2024-06-24 00:00:00+00:00,True,0.4902355968952179,0.5097643733024597
72,1.0,2024-06-24 00:00:00+00:00,True,0.2018132209777832,0.7981867790222168
73,1.0,2024-06-24 00:00:00+00:00,True,0.13386750221252441,0.8661325573921204
74,0.0,2024-06-24 00:00:00+00:00,True,0.21733751893043518,0.7826625108718872
75,0.0,2024-06-24 00:00:00+00:00,False,0.915808916091919,0.08419107645750046
76,1.0,2024-06-24 00:00:00+00:00,True,0.13386750221252441,0.8661325573921204
77,0.0,2024-06-24 00:00:00+00:00,False,0.8652240633964539,0.13477592170238495
78,0.0,2024-06-24 00:00:00+00:00,False,0.8587185740470886,0.14128142595291138
79,1.0,2024-06-24 00:00:00+00:00,True,0.07055959850549698,0.929440438747406
80,0.0,2024-06-24 00:00:00+00:00,False,0.9005298018455505,0.09947021305561066
81,0.0,2024-06-24 00:00:00+00:00,False,0.8449215292930603,0.1550784707069397
82,0.0,2024-06-24 00:00:00+00:00,False,0.8705973029136658,0.12940272688865662
83,0.0,2024-06-24 00:00:00+00:00,False,0.5058591365814209,0.4941408932209015
84,0.0,2024-06-24 00:00:00+00:00,False,0.8740772008895874,0.1259227693080902
85,0.0,2024-06-24 00:00:00+00:00,True,0.3812195658683777,0.6187804341316223
86,1.0,2024-06-24 00:00:00+00:00,True,0.4765796661376953,0.5234203934669495
87,0.0,2024-06-24 00:00:00+00:00,False,0.8386797308921814,0.16132023930549622
88,1.0,2024-06-24 00:00:00+00:00,True,0.45132651925086975,0.5486735105514526
89,1.0,2024-06-24 00:00:00+00:00,True,0.08570927381515503,0.914290726184845
90,0.0,2024-06-24 00:00:00+00:00,False,0.9130582809448242,0.08694165199995041
91,0.0,2024-06-24 00:00:00+00:00,True,0.314050555229187,0.685949444770813
92,0.0,2024-06-24 00:00:00+00:00,False,0.8210441470146179,0.17895591259002686
93,0.0,2024-06-24 00:00:00+00:00,False,0.5660185217857361,0.4339814782142639
94,0.0,2024-06-24 00:00:00+00:00,False,0.6808785796165466,0.3191213607788086
95,1.0,2024-06-24 00:00:00+00:00,True,0.20434190332889557,0.7956580519676208
96,1.0,2024-06-24 00:00:00+00:00,False,0.7520125508308411,0.24798743426799774
97,0.0,2024-06-24 00:00:00+00:00,False,0.9257686138153076,0.07423136383295059
98,1.0,2024-06-24 00:00:00+00:00,True,0.13028542697429657,0.869714617729187
99,0.0,2024-06-24 00:00:00+00:00,False,0.6206215620040894,0.37937837839126587
100,1.0,2024-06-24 00:00:00+00:00,False,0.5058591365814209,0.4941408932209015
101,0.0,2024-06-24 00:00:00+00:00,False,0.9331876635551453,0.06681232899427414
102,0.0,2024-06-24 00:00:00+00:00,False,0.8940516710281372,0.10594827681779861
103,0.0,2024-06-24 00:00:00+00:00,False,0.907312273979187,0.09268777817487717
104,0.0,2024-06-24 00:00:00+00:00,False,0.8955226540565491,0.10447731614112854
105,1.0,2024-06-24 00:00:00+00:00,True,0.23792991042137146,0.7620701193809509
106,1.0,2024-06-24 00:00:00+00:00,True,0.09009299427270889,0.9099069833755493
107,0.0,2024-06-24 00:00:00+00:00,False,0.9092645049095154,0.09073548763990402
108,0.0,2024-06-24 00:00:00+00:00,False,0.7745833992958069,0.2254166156053543
109,1.0,2024-06-24 00:00:00+00:00,True,0.30074557662010193,0.6992543935775757
110,1.0,2024-06-24 00:00:00+00:00,True,0.14033624529838562,0.859663724899292
111,1.0,2024-06-24 00:00:00+00:00,False,0.5832033753395081,0.41679665446281433
112,0.0,2024-06-24 00:00:00+00:00,False,0.9376689791679382,0.06233103945851326
113,0.0,2024-06-24 00:00:00+00:00,False,0.8311430811882019,0.16885696351528168
114,1.0,2024-06-24 00:00:00+00:00,True,0.4339814782142639,0.5660185217857361
115,0.0,2024-06-24 00:00:00+00:00,False,0.8848377466201782,0.11516223102807999
116,0.0,2024-06-24 00:00:00+00:00,True,0.3486451506614685,0.6513549089431763
117,1.0,2024-06-24 00:00:00+00:00,False,0.6113819479942322,0.38861799240112305
118,0.0,2024-06-24 00:00:00+00:00,False,0.7476159334182739,0.2523840367794037
119,0.0,2024-06-24 00:00:00+00:00,False,0.9343951344490051,0.06560482829809189
120,1.0,2024-06-24 00:00:00+00:00,True,0.167763352394104,0.8322367072105408
121,0.0,2024-06-24 00:00:00+00:00,False,0.8140527606010437,0.1859472095966339
122,0.0,2024-06-24 00:00:00+00:00,False,0.793105959892273,0.20689405500888824
123,0.0,2024-06-24 00:00:00+00:00,True,0.19930800795555115,0.8006919622421265
124,0.0,2024-06-24 00:00:00+00:00,False,0.9178933501243591,0.08210662752389908
125,0.0,2024-06-24 00:00:00+00:00,False,0.8984104990959167,0.10158944129943848
126,0.0,2024-06-24 00:00:00+00:00,False,0.8624675869941711,0.13753247261047363
127,0.0,2024-06-24 00:00:00+00:00,False,0.7943849563598633,0.20561504364013672
128,1.0,2024-06-24 00:00:00+00:00,True,0.4035668969154358,0.596433162689209
129,0.0,2024-06-24 00:00:00+00:00,False,0.8116759657859802,0.188323974609375
130,1.0,2024-06-24 00:00:00+00:00,True,0.06210312247276306,0.9378969073295593
131,0.0,2024-06-24 00:00:00+00:00,False,0.8499711751937866,0.15002882480621338
132,0.0,2024-06-24 00:00:00+00:00,False,0.6876299977302551,0.3123700022697449
133,1.0,2024-06-24 00:00:00+00:00,False,0.7690802216529846,0.230919748544693
134,0.0,2024-06-24 00:00:00+00:00,True,0.37022536993026733,0.6297746300697327
135,0.0,2024-06-24 00:00:00+00:00,False,0.837619960308075,0.16238002479076385
136,1.0,2024-06-24 00:00:00+00:00,True,0.29421496391296387,0.7057850360870361
137,0.0,2024-06-24 00:00:00+00:00,False,0.6187804341316223,0.3812195658683777
138,0.0,2024-06-24 00:00:00+00:00,False,0.9164093732833862,0.08359067142009735
139,0.0,2024-06-24 00:00:00+00:00,True,0.45713675022125244,0.5428633093833923
140,0.0,2024-06-24 00:00:00+00:00,False,0.9249592423439026,0.07504072040319443
141,0.0,2024-06-24 00:00:00+00:00,False,0.8233283758163452,0.1766716092824936
142,0.0,2024-06-24 00:00:00+00:00,False,0.9136765599250793,0.08632348477840424
143,1.0,2024-06-24 00:00:00+00:00,True,0.13386750221252441,0.8661325573921204
144,0.0,2024-06-24 00:00:00+00:00,False,0.7416740655899048,0.25832599401474
145,0.0,2024-06-24 00:00:00+00:00,False,0.8221890926361084,0.17781086266040802
146,0.0,2024-06-24 00:00:00+00:00,False,0.7577943801879883,0.2422056347131729
147,1.0,2024-06-24 00:00:00+00:00,True,0.22000709176063538,0.7799928784370422
148,1.0,2024-06-24 00:00:00+00:00,True,0.1490352898836136,0.8509646654129028
149,1.0,2024-06-24 00:00:00+00:00,True,0.21866938471794128,0.7813306450843811
150,0.0,2024-06-24 00:00:00+00:00,False,0.8757869601249695,0.12421300262212753
151,0.0,2024-06-24 00:00:00+00:00,False,0.7325918078422546,0.267408162355423
152,1.0,2024-06-24 00:00:00+00:00,True,0.2018132209777832,0.7981867790222168
153,0.0,2024-06-24 00:00:00+00:00,False,0.9184802770614624,0.08151975274085999
154,0.0,2024-06-24 00:00:00+00:00,False,0.7969253659248352,0.2030746340751648
155,0.0,2024-06-24 00:00:00+00:00,False,0.9181873202323914,0.08181271702051163
156,1.0,2024-06-24 00:00:00+00:00,True,0.42250463366508484,0.5774953961372375
157,0.0,2024-06-24 00:00:00+00:00,False,0.9222025275230408,0.07779745012521744
158,0.0,2024-06-24 00:00:00+00:00,False,0.9260365962982178,0.07396337389945984
159,1.0,2024-06-24 00:00:00+00:00,True,0.46490156650543213,0.5350984334945679
160,1.0,2024-06-24 00:00:00+00:00,True,0.09009299427270889,0.9099069833755493
161,0.0,2024-06-24 00:00:00+00:00,False,0.6757646203041077,0.32423537969589233
162,0.0,2024-06-24 00:00:00+00:00,False,0.7981867790222168,0.2018132209777832
163,1.0,2024-06-24 00:00:00+00:00,True,0.2120688110589981,0.7879312038421631
164,0.0,2024-06-24 00:00:00+00:00,False,0.8489722013473511,0.15102781355381012
165,0.0,2024-06-24 00:00:00+00:00,False,0.9190633296966553,0.08093671500682831
166,1.0,2024-06-24 00:00:00+00:00,True,0.3720487952232361,0.6279512047767639
167,1.0,2024-06-24 00:00:00+00:00,True,0.41869691014289856,0.581303060054779
168,0.0,2024-06-24 00:00:00+00:00,False,0.8459424376487732,0.1540575623512268
169,0.0,2024-06-24 00:00:00+00:00,False,0.729519784450531,0.2704802453517914
170,0.0,2024-06-24 00:00:00+00:00,False,0.7325918078422546,0.267408162355423
171,1.0,2024-06-24 00:00:00+00:00,True,0.16344544291496277,0.8365545868873596
172,1.0,2024-06-24 00:00:00+00:00,False,0.7745833992958069,0.2254166156053543
173,0.0,2024-06-24 00:00:00+00:00,False,0.5058591365814209,0.4941408932209015
174,1.0,2024-06-24 00:00:00+00:00,True,0.167763352394104,0.8322367072105408
175,1.0,2024-06-24 00:00:00+00:00,True,0.2538610100746155,0.7461389899253845
176,1.0,2024-06-24 00:00:00+00:00,False,0.7386690378189087,0.2613309323787689
177,1.0,2024-06-24 00:00:00+00:00,True,0.39606815576553345,0.6039317846298218
178,1.0,2024-06-24 00:00:00+00:00,True,0.1859472095966339,0.8140527606010437
179,0.0,2024-06-24 00:00:00+00:00,False,0.750552773475647,0.24944724142551422
180,0.0,2024-06-24 00:00:00+00:00,False,0.7476159334182739,0.2523840367794037
181,0.0,2024-06-24 00:00:00+00:00,False,0.7122321724891663,0.28776782751083374
182,1.0,2024-06-24 00:00:00+00:00,True,0.21733751893043518,0.7826625108718872
183,0.0,2024-06-24 00:00:00+00:00,False,0.8774768114089966,0.12252321094274521
184,0.0,2024-06-24 00:00:00+00:00,True,0.4339814782142639,0.5660185217857361
185,0.0,2024-06-24 00:00:00+00:00,False,0.7476159334182739,0.2523840367794037
186,1.0,2024-06-24 00:00:00+00:00,False,0.9102266430854797,0.0897732824087143
187,0.0,2024-06-24 00:00:00+00:00,False,0.8140527606010437,0.1859472095966339
188,0.0,2024-06-24 00:00:00+00:00,False,0.842863142490387,0.15713685750961304
189,0.0,2024-06-24 00:00:00+00:00,False,0.7676898241043091,0.23231014609336853
190,0.0,2024-06-24 00:00:00+00:00,False,0.5640984773635864,0.4359015226364136
191,1.0,2024-06-24 00:00:00+00:00,True,0.18242551386356354,0.8175744414329529
192,1.0,2024-06-24 00:00:00+00:00,True,0.16451644897460938,0.8354835510253906
193,0.0,2024-06-24 00:00:00+00:00,False,0.5832033753395081,0.41679665446281433
194,1.0,2024-06-24 00:00:00+00:00,True,0.21733751893043518,0.7826625108718872
195,1.0,2024-06-24 00:00:00+00:00,False,0.5506073832511902,0.4493926465511322
196,0.0,2024-06-24 00:00:00+00:00,False,0.7248703241348267,0.2751297354698181
197,0.0,2024-06-24 00:00:00+00:00,True,0.25091278553009033,0.7490872144699097
198,0.0,2024-06-24 00:00:00+00:00,False,0.6261242032051086,0.37387582659721375
199,0.0,2024-06-24 00:00:00+00:00,False,0.9111796617507935,0.08882028609514236
200,0.0,2024-06-24 00:00:00+00:00,False,0.729519784450531,0.2704802453517914
201,1.0,2024-06-24 00:00:00+00:00,True,0.2751297354698181,0.7248703241348267
202,0.0,2024-06-24 00:00:00+00:00,False,0.7620701193809509,0.23792991042137146
203,1.0,2024-06-24 00:00:00+00:00,True,0.1561049073934555,0.8438951373100281
204,0.0,2024-06-24 00:00:00+00:00,False,0.9276259541511536,0.07237402349710464
205,1.0,2024-06-24 00:00:00+00:00,True,0.14414885640144348,0.8558511734008789
206,0.0,2024-06-24 00:00:00+00:00,False,0.9238675236701965,0.07613248378038406
207,0.0,2024-06-24 00:00:00+00:00,False,0.8092759251594543,0.19072401523590088
208,0.0,2024-06-24 00:00:00+00:00,False,0.6671476364135742,0.3328523337841034
209,0.0,2024-06-24 00:00:00+00:00,True,0.3208213150501251,0.6791787147521973
210,0.0,2024-06-24 00:00:00+00:00,False,0.5640984773635864,0.4359015226364136
211,0.0,2024-06-24 00:00:00+00:00,False,0.622459352016449,0.3775406777858734
212,1.0,2024-06-24 00:00:00+00:00,False,0.6636689305305481,0.3363310396671295
213,0.0,2024-06-24 00:00:00+00:00,False,0.9130582809448242,0.08694165199995041
214,0.0,2024-06-24 00:00:00+00:00,False,0.7476159334182739,0.2523840367794037
215,1.0,2024-06-24 00:00:00+00:00,True,0.19072401523590088,0.8092759251594543
216,0.0,2024-06-24 00:00:00+00:00,False,0.907312273979187,0.09268777817487717
217,0.0,2024-06-24 00:00:00+00:00,False,0.9149009585380554,0.08509904146194458
218,1.0,2024-06-24 00:00:00+00:00,False,0.5736784338951111,0.4263215959072113
219,0.0,2024-06-24 00:00:00+00:00,False,0.6297746300697327,0.37022536993026733
220,1.0,2024-06-24 00:00:00+00:00,True,0.2393493503332138,0.7606506943702698
221,1.0,2024-06-24 00:00:00+00:00,False,0.6020615696907043,0.39793840050697327
222,0.0,2024-06-24 00:00:00+00:00,False,0.9193534255027771,0.08064661920070648
223,0.0,2024-06-24 00:00:00+00:00,False,0.842863142490387,0.15713685750961304
224,0.0,2024-06-24 00:00:00+00:00,False,0.9343951344490051,0.06560482829809189
225,0.0,2024-06-24 00:00:00+00:00,False,0.9388007521629333,0.06119922548532486
226,0.0,2024-06-24 00:00:00+00:00,True,0.3090237081050873,0.6909762620925903
227,0.0,2024-06-24 00:00:00+00:00,False,0.9019206762313843,0.09807932376861572
228,0.0,2024-06-24 00:00:00+00:00,False,0.7690802216529846,0.230919748544693
229,1.0,2024-06-24 00:00:00+00:00,True,0.18952108919620514,0.8104788661003113
230,1.0,2024-06-24 00:00:00+00:00,True,0.3486451506614685,0.6513549089431763
231,1.0,2024-06-24 00:00:00+00:00,True,0.13117322325706482,0.8688268065452576
232,0.0,2024-06-24 00:00:00+00:00,False,0.8940516710281372,0.10594827681779861
233,1.0,2024-06-24 00:00:00+00:00,False,0.6261242032051086,0.37387582659721375
234,0.0,2024-06-24 00:00:00+00:00,False,0.9233161807060242,0.07668379694223404
235,1.0,2024-06-24 00:00:00+00:00,True,0.09670579433441162,0.9032942056655884
236,0.0,2024-06-24 00:00:00+00:00,False,0.8449215292930603,0.1550784707069397
237,0.0,2024-06-24 00:00:00+00:00,True,0.41679665446281433,0.5832033753395081
238,1.0,2024-06-24 00:00:00+00:00,False,0.6132366061210632,0.38676345348358154
239,1.0,2024-06-24 00:00:00+00:00,True,0.1561049073934555,0.8438951373100281
240,0.0,2024-06-24 00:00:00+00:00,True,0.16559311747550964,0.8344069123268127
241,0.0,2024-06-24 00:00:00+00:00,False,0.6406359076499939,0.3593641519546509
242,0.0,2024-06-24 00:00:00+00:00,False,0.8267117738723755,0.17328819632530212
243,1.0,2024-06-24 00:00:00+00:00,False,0.925499677658081,0.07450025528669357
244,1.0,2024-06-24 00:00:00+00:00,True,0.1233656108379364,0.8766343593597412
245,0.0,2024-06-24 00:00:00+00:00,False,0.7416740655899048,0.25832599401474
246,0.0,2024-06-24 00:00:00+00:00,False,0.9181873202323914,0.08181271702051163
247,0.0,2024-06-24 00:00:00+00:00,False,0.7839884757995605,0.21601153910160065
248,1.0,2024-06-24 00:00:00+00:00,True,0.08093671500682831,0.9190633296966553
249,1.0,2024-06-24 00:00:00+00:00,True,0.4668456017971039,0.5331543684005737
250,0.0,2024-06-24 00:00:00+00:00,False,0.7676898241043091,0.23231014609336853
251,0.0,2024-06-24 00:00:00+00:00,False,0.9339146018028259,0.06608537584543228
252,1.0,2024-06-24 00:00:00+00:00,True,0.3225260078907013,0.6774740219116211
253,0.0,2024-06-24 00:00:00+00:00,False,0.5253688097000122,0.4746311902999878
254,0.0,2024-06-24 00:00:00+00:00,False,0.8587185740470886,0.14128142595291138
255,1.0,2024-06-24 00:00:00+00:00,True,0.46101680397987366,0.5389832258224487
256,1.0,2024-06-24 00:00:00+00:00,True,0.2465333491563797,0.7534666657447815
257,0.0,2024-06-24 00:00:00+00:00,False,0.873214840888977,0.12678517401218414
258,0.0,2024-06-24 00:00:00+00:00,True,0.38676345348358154,0.6132366061210632
259,1.0,2024-06-24 00:00:00+00:00,False,0.6495786309242249,0.35042139887809753
260,0.0,2024-06-24 00:00:00+00:00,False,0.8783142566680908,0.12168575078248978
261,1.0,2024-06-24 00:00:00+00:00,True,0.12940272688865662,0.8705973029136658
262,0.0,2024-06-24 00:00:00+00:00,False,0.7325918078422546,0.267408162355423
263,0.0,2024-06-24 00:00:00+00:00,False,0.873214840888977,0.12678517401218414
264,0.0,2024-06-24 00:00:00+00:00,False,0.9130582809448242,0.08694165199995041
265,1.0,2024-06-24 00:00:00+00:00,True,0.3090237081050873,0.6909762620925903
266,0.0,2024-06-24 00:00:00+00:00,False,0.8832359910011292,0.11676400899887085
267,1.0,2024-06-24 00:00:00+00:00,False,0.8244618773460388,0.1755380630493164
268,0.0,2024-06-24 00:00:00+00:00,False,0.7534666657447815,0.2465333491563797
269,1.0,2024-06-24 00:00:00+00:00,True,0.200557678937912,0.7994422912597656
270,0.0,2024-06-24 00:00:00+00:00,False,0.8577680587768555,0.14223188161849976
271,1.0,2024-06-24 00:00:00+00:00,True,0.2689414322376251,0.7310585379600525
272,0.0,2024-06-24 00:00:00+00:00,False,0.8407825827598572,0.15921740233898163
273,1.0,2024-06-24 00:00:00+00:00,True,0.24944724142551422,0.750552773475647
274,0.0,2024-06-24 00:00:00+00:00,False,0.6808785796165466,0.3191213607788086
275,1.0,2024-06-24 00:00:00+00:00,True,0.11047115176916122,0.8895288705825806
276,1.0,2024-06-24 00:00:00+00:00,True,0.4130035638809204,0.5869964361190796
277,1.0,2024-06-24 00:00:00+00:00,True,0.13386750221252441,0.8661325573921204
278,0.0,2024-06-24 00:00:00+00:00,False,0.9238675236701965,0.07613248378038406
279,0.0,2024-06-24 00:00:00+00:00,False,0.7879312038421631,0.2120688110589981
280,0.0,2024-06-24 00:00:00+00:00,False,0.7577943801879883,0.2422056347131729
281,0.0,2024-06-24 00:00:00+00:00,False,0.930962085723877,0.06903792917728424
282,0.0,2024-06-24 00:00:00+00:00,False,0.896975576877594,0.1030244305729866
283,0.0,2024-06-24 00:00:00+00:00,False,0.8940516710281372,0.10594827681779861
284,0.0,2024-06-24 00:00:00+00:00,False,0.9392480850219727,0.06075190752744675
285,0.0,2024-06-24 00:00:00+00:00,False,0.5117166042327881,0.4882833957672119
286,1.0,2024-06-24 00:00:00+00:00,True,0.20817893743515015,0.7918210625648499
287,1.0,2024-06-24 00:00:00+00:00,True,0.19559407234191895,0.804405927658081
288,0.0,2024-06-24 00:00:00+00:00,False,0.7106282711029053,0.28937169909477234
289,1.0,2024-06-24 00:00:00+00:00,True,0.10669060051441193,0.8933094143867493
290,0.0,2024-06-24 00:00:00+00:00,False,0.7826625108718872,0.21733751893043518
291,0.0,2024-06-24 00:00:00+00:00,False,0.8300437331199646,0.169956237077713
292,0.0,2024-06-24 00:00:00+00:00,False,0.8679338097572327,0.13206614553928375
293,0.0,2024-06-24 00:00:00+00:00,True,0.4668456017971039,0.5331543684005737
294,0.0,2024-06-24 00:00:00+00:00,False,0.8976953029632568,0.10230470448732376
295,0.0,2024-06-24 00:00:00+00:00,False,0.907967209815979,0.09203286468982697
296,0.0,2024-06-24 00:00:00+00:00,False,0.9155072569847107,0.0844927579164505
297,0.0,2024-06-24 00:00:00+00:00,False,0.750552773475647,0.24944724142551422
298,1.0,2024-06-24 00:00:00+00:00,True,0.35220178961753845,0.6477982401847839
299,1.0,2024-06-24 00:00:00+00:00,True,0.1200256273150444,0.879974365234375
300,0.0,2024-06-24 00:00:00+00:00,False,0.929951012134552,0.07004895806312561
301,0.0,2024-06-24 00:00:00+00:00,False,0.837619960308075,0.16238002479076385
302,1.0,2024-06-24 00:00:00+00:00,False,0.7577943801879883,0.2422056347131729
303,0.0,2024-06-24 00:00:00+00:00,False,0.9281486868858337,0.07185126841068268
304,0.0,2024-06-24 00:00:00+00:00,False,0.8887587189674377,0.11124120652675629
305,1.0,2024-06-24 00:00:00+00:00,True,0.2018132209777832,0.7981867790222168
306,1.0,2024-06-24 00:00:00+00:00,True,0.167763352394104,0.8322367072105408
307,0.0,2024-06-24 00:00:00+00:00,False,0.6334102749824524,0.36658975481987
308,1.0,2024-06-24 00:00:00+00:00,False,0.869714617729187,0.13028542697429657
309,0.0,2024-06-24 00:00:00+00:00,False,0.8643104434013367,0.13568954169750214
310,0.0,2024-06-24 00:00:00+00:00,False,0.5698526501655579,0.43014732003211975
311,0.0,2024-06-24 00:00:00+00:00,False,0.66888028383255,0.33111974596977234
312,1.0,2024-06-24 00:00:00+00:00,True,0.3415825068950653,0.6584175229072571
313,0.0,2024-06-24 00:00:00+00:00,False,0.9296960830688477,0.07030384242534637
314,0.0,2024-06-24 00:00:00+00:00,False,0.9152045845985413,0.08479540795087814
315,1.0,2024-06-24 00:00:00+00:00,True,0.2613309323787689,0.7386690378189087
316,0.0,2024-06-24 00:00:00+00:00,False,0.5563995838165283,0.4436004161834717
317,0.0,2024-06-24 00:00:00+00:00,False,0.6959583163261414,0.30404165387153625
318,0.0,2024-06-24 00:00:00+00:00,False,0.9399133324623108,0.06008664518594742
319,1.0,2024-06-24 00:00:00+00:00,True,0.1259227693080902,0.8740772008895874
320,1.0,2024-06-24 00:00:00+00:00,True,0.22000709176063538,0.7799928784370422
321,0.0,2024-06-24 00:00:00+00:00,True,0.15921740233898163,0.8407825827598572
322,0.0,2024-06-24 00:00:00+00:00,False,0.8749346137046814,0.1250653862953186
323,0.0,2024-06-24 00:00:00+00:00,False,0.8068526387214661,0.19314737617969513
324,0.0,2024-06-24 00:00:00+00:00,True,0.43974730372428894,0.5602526664733887
325,1.0,2024-06-24 00:00:00+00:00,True,0.16885696351528168,0.8311430811882019
326,0.0,2024-06-24 00:00:00+00:00,False,0.9326989054679871,0.06730107963085175
327,0.0,2024-06-24 00:00:00+00:00,False,0.8116759657859802,0.188323974609375
328,0.0,2024-06-24 00:00:00+00:00,False,0.8577680587768555,0.14223188161849976
329,0.0,2024-06-24 00:00:00+00:00,False,0.6926419734954834,0.3073580265045166
330,1.0,2024-06-24 00:00:00+00:00,False,0.501953125,0.498046875
331,0.0,2024-06-24 00:00:00+00:00,True,0.37387582659721375,0.6261242032051086
332,1.0,2024-06-24 00:00:00+00:00,False,0.7233095169067383,0.2766905426979065
333,1.0,2024-06-24 00:00:00+00:00,True,0.2766905426979065,0.7233095169067383
334,0.0,2024-06-24 00:00:00+00:00,False,0.7956580519676208,0.20434190332889557
335,0.0,2024-06-24 00:00:00+00:00,False,0.6893056035041809,0.3106943964958191
336,0.0,2024-06-24 00:00:00+00:00,False,0.7799928784370422,0.22000709176063538
337,1.0,2024-06-24 00:00:00+00:00,True,0.3812195658683777,0.6187804341316223
338,0.0,2024-06-24 00:00:00+00:00,False,0.6169357895851135,0.3830641806125641
339,0.0,2024-06-24 00:00:00+00:00,True,0.21076630055904388,0.7892336845397949
340,0.0,2024-06-24 00:00:00+00:00,False,0.8652240633964539,0.13477592170238495
341,0.0,2024-06-24 00:00:00+00:00,False,0.7718434929847717,0.22815649211406708
342,0.0,2024-06-24 00:00:00+00:00,False,0.9202179908752441,0.07978201657533646
343,1.0,2024-06-24 00:00:00+00:00,False,0.5273165106773376,0.47268345952033997
344,0.0,2024-06-24 00:00:00+00:00,False,0.5794004201889038,0.4205996096134186
345,1.0,2024-06-24 00:00:00+00:00,True,0.32423537969589233,0.6757646203041077
346,1.0,2024-06-24 00:00:00+00:00,False,0.5350984334945679,0.46490156650543213
347,0.0,2024-06-24 00:00:00+00:00,True,0.17895591259002686,0.8210441470146179
348,1.0,2024-06-24 00:00:00+00:00,True,0.3345894515514374,0.665410578250885
349,1.0,2024-06-24 00:00:00+00:00,False,0.9175984263420105,0.08240150660276413
350,0.0,2024-06-24 00:00:00+00:00,False,0.7170118689537048,0.28298813104629517
351,1.0,2024-06-24 00:00:00+00:00,False,0.7839884757995605,0.21601153910160065
352,1.0,2024-06-24 00:00:00+00:00,True,0.1561049073934555,0.8438951373100281
353,0.0,2024-06-24 00:00:00+00:00,False,0.7839884757995605,0.21601153910160065
354,0.0,2024-06-24 00:00:00+00:00,False,0.5117166042327881,0.4882833957672119
355,0.0,2024-06-24 00:00:00+00:00,False,0.8449215292930603,0.1550784707069397
356,0.0,2024-06-24 00:00:00+00:00,False,0.7759445905685425,0.2240554690361023
357,0.0,2024-06-24 00:00:00+00:00,True,0.24364244937896729,0.7563575506210327
358,0.0,2024-06-24 00:00:00+00:00,False,0.8606036305427551,0.13939638435840607
359,0.0,2024-06-24 00:00:00+00:00,False,0.5175709128379822,0.4824291169643402
360,0.0,2024-06-24 00:00:00+00:00,False,0.8267117738723755,0.17328819632530212
361,0.0,2024-06-24 00:00:00+00:00,True,0.28298813104629517,0.7170118689537048
362,0.0,2024-06-24 00:00:00+00:00,False,0.915808916091919,0.08419107645750046
363,0.0,2024-06-24 00:00:00+00:00,False,0.9133679866790771,0.08663207292556763
364,0.0,2024-06-24 00:00:00+00:00,False,0.9329437017440796,0.06705628335475922
365,0.0,2024-06-24 00:00:00+00:00,False,0.9167081117630005,0.0832919329404831
366,0.0,2024-06-24 00:00:00+00:00,False,0.9273632764816284,0.07263670116662979
367,1.0,2024-06-24 00:00:00+00:00,True,0.09877259284257889,0.9012274742126465
368,0.0,2024-06-24 00:00:00+00:00,False,0.7956580519676208,0.20434190332889557
369,0.0,2024-06-24 00:00:00+00:00,False,0.879974365234375,0.1200256273150444
370,1.0,2024-06-24 00:00:00+00:00,True,0.169956237077713,0.8300437331199646
371,0.0,2024-06-24 00:00:00+00:00,False,0.8887587189674377,0.11124120652675629
372,1.0,2024-06-24 00:00:00+00:00,True,0.267408162355423,0.7325918078422546
373,0.0,2024-06-24 00:00:00+00:00,False,0.7074047327041626,0.2925953269004822
374,1.0,2024-06-24 00:00:00+00:00,True,0.10669060051441193,0.8933094143867493
375,0.0,2024-06-24 00:00:00+00:00,False,0.9114953279495239,0.08850466459989548
376,0.0,2024-06-24 00:00:00+00:00,False,0.8479677438735962,0.15203224122524261
377,0.0,2024-06-24 00:00:00+00:00,False,0.8187368512153625,0.18126320838928223
378,0.0,2024-06-24 00:00:00+00:00,True,0.29098084568977356,0.709019124507904
379,1.0,2024-06-24 00:00:00+00:00,False,0.8807970285415649,0.11920291930437088
380,1.0,2024-06-24 00:00:00+00:00,True,0.16885696351528168,0.8311430811882019
381,0.0,2024-06-24 00:00:00+00:00,False,0.7490872144699097,0.25091278553009033
382,1.0,2024-06-24 00:00:00+00:00,False,0.8244618773460388,0.1755380630493164
383,1.0,2024-06-24 00:00:00+00:00,False,0.8489722013473511,0.15102781355381012
384,1.0,2024-06-24 00:00:00+00:00,False,0.501953125,0.498046875
385,0.0,2024-06-24 00:00:00+00:00,False,0.5097643733024597,0.4902355968952179
386,1.0,2024-06-24 00:00:00+00:00,False,0.894789457321167,0.10521053522825241
387,1.0,2024-06-24 00:00:00+00:00,True,0.2925953269004822,0.7074047327041626
388,0.0,2024-06-24 00:00:00+00:00,False,0.8824278712272644,0.11757213622331619
389,0.0,2024-06-24 00:00:00+00:00,True,0.16559311747550964,0.8344069123268127
390,1.0,2024-06-24 00:00:00+00:00,True,0.20561504364013672,0.7943849563598633
391,0.0,2024-06-24 00:00:00+00:00,True,0.43782350420951843,0.562176525592804
392,0.0,2024-06-24 00:00:00+00:00,False,0.8940516710281372,0.10594827681779861
393,1.0,2024-06-24 00:00:00+00:00,True,0.24508501589298248,0.7549149990081787
394,1.0,2024-06-24 00:00:00+00:00,True,0.15203224122524261,0.8479677438735962
395,0.0,2024-06-24 00:00:00+00:00,False,0.665410578250885,0.3345894515514374
396,1.0,2024-06-24 00:00:00+00:00,True,0.24798743426799774,0.7520125508308411
397,0.0,2024-06-24 00:00:00+00:00,False,0.8031737804412842,0.19682620465755463
398,0.0,2024-06-24 00:00:00+00:00,False,0.8449215292930603,0.1550784707069397
399,0.0,2024-06-24 00:00:00+00:00,False,0.7233095169067383,0.2766905426979065
