entity_id,label,ANCHOR_TIMESTAMP,PREDICTION
0,0.0,2024-06-24 00:00:00+00:00,246.88909912109375
1,452.90474162131426,2024-06-24 00:00:00+00:00,232.0757598876953
2,498.28461651823494,2024-06-24 00:00:00+00:00,230.00875854492188
3,256.0776529766117,2024-06-24 00:00:00+00:00,240.80294799804688
4,209.8068792773304,2024-06-24 00:00:00+00:00,414.2447509765625
5,507.16634746425626,2024-06-24 00:00:00+00:00,435.90618896484375
6,0.0,2024-06-24 00:00:00+00:00,224.28550720214844
7,457.10980814187997,2024-06-24 00:00:00+00:00,261.2681884765625
8,185.28456974338997,2024-06-24 00:00:00+00:00,254.71739196777344
9,199.17833836801287,2024-06-24 00:00:00+00:00,255.0755615234375
10,203.06747637424377,2024-06-24 00:00:00+00:00,433.8769836425781
11,508.88858258802014,2024-06-24 00:00:00+00:00,236.57473754882812
12,0.0,2024-06-24 00:00:00+00:00,195.59188842773438
13,238.3085705909244,2024-06-24 00:00:00+00:00,237.32411193847656
14,195.39552931498827,2024-06-24 00:00:00+00:00,209.88560485839844
15,479.69343157054044,2024-06-24 00:00:00+00:00,446.3131408691406
16,0.0,2024-06-24 00:00:00+00:00,241.843994140625
17,0.0,2024-06-24 00:00:00+00:00,221.4566192626953
18,477.53392362159326,2024-06-24 00:00:00+00:00,274.97021484375
19,0.0,2024-06-24 00:00:00+00:00,218.1905975341797
20,485.07891862571654,2024-06-24 00:00:00+00:00,254.71739196777344
21,0.0,2024-06-24 00:00:00+00:00,229.46490478515625
22,257.690438952394,2024-06-24 00:00:00+00:00,227.08612060546875
23,254.850076382732,2024-06-24 00:00:00+00:00,220.17237854003906
24,180.2997557458737,2024-06-24 00:00:00+00:00,241.7604522705078
25,233.0429723464299,2024-06-24 00:00:00+00:00,241.71432495117188
26,474.72543098330004,2024-06-24 00:00:00+00:00,221.73773193359375
27,456.4672245784141,2024-06-24 00:00:00+00:00,216.92086791992188
28,471.2624822646017,2024-06-24 00:00:00+00:00,429.35662841796875
29,0.0,2024-06-24 00:00:00+00:00,231.73455810546875
30,462.6683804205822,2024-06-24 00:00:00+00:00,234.3495330810547
31,490.5359088589273,2024-06-24 00:00:00+00:00,419.49652099609375
32,0.0,2024-06-24 00:00:00+00:00,237.3638153076172
33,0.0,2024-06-24 00:00:00+00:00,230.53956604003906
34,0.0,2024-06-24 00:00:00+00:00,253.95626831054688
35,486.8327959356753,2024-06-24 00:00:00+00:00,210.9608917236328
36,213.32333405464368,2024-06-24 00:00:00+00:00,231.73455810546875
37,235.60862635246718,2024-06-24 00:00:00+00:00,233.62783813476562
38,505.7927111768066,2024-06-24 00:00:00+00:00,275.4888000488281
39,194.4001428034415,2024-06-24 00:00:00+00:00,219.53091430664062
40,229.25393873093546,2024-06-24 00:00:00+00:00,226.56443786621094
41,464.03550281664724,2024-06-24 00:00:00+00:00,213.96292114257812
42,249.11480159004122,2024-06-24 00:00:00+00:00,436.97308349609375
43,213.65922783986056,2024-06-24 00:00:00+00:00,228.36819458007812
44,460.45577870152204,2024-06-24 00:00:00+00:00,286.1690979003906
45,0.0,2024-06-24 00:00:00+00:00,224.28518676757812
46,248.40762829461644,2024-06-24 00:00:00+00:00,224.5865020751953
47,234.03449482359784,2024-06-24 00:00:00+00:00,213.47137451171875
48,0.0,2024-06-24 00:00:00+00:00,192.1714324951172
49,239.03226118654996,2024-06-24 00:00:00+00:00,211.10304260253906
50,189.9117186196841,2024-06-24 00:00:00+00:00,241.5447235107422
51,241.7181966889703,2024-06-24 00:00:00+00:00,262.0231018066406
52,497.0406324298655,2024-06-24 00:00:00+00:00,253.58546447753906
53,227.10365022873333,2024-06-24 00:00:00+00:00,214.0308380126953
54,266.08206791771556,2024-06-24 00:00:00+00:00,267.41253662109375
55,236.32181286588389,2024-06-24 00:00:00+00:00,221.88429260253906
56,502.07057486461935,2024-06-24 00:00:00+00:00,200.10360717773438
57,210.31837644223384,2024-06-24 00:00:00+00:00,280.4873962402344
58,0.0,2024-06-24 00:00:00+00:00,214.4445037841797
59,225.82352429496885,2024-06-24 00:00:00+00:00,235.3505401611328
60,194.89642165908808,2024-06-24 00:00:00+00:00,271.9443664550781
61,229.71168920651292,2024-06-24 00:00:00+00:00,257.9268493652344
62,0.0,2024-06-24 00:00:00+00:00,254.0167236328125
63,192.72926927299218,2024-06-24 00:00:00+00:00,259.7158508300781
64,478.82980296628335,2024-06-24 00:00:00+00:00,257.9268493652344
65,202.02573858377815,2024-06-24 00:00:00+00:00,228.6661834716797
66,167.55028338471138,2024-06-24 00:00:00+00:00,210.6991729736328
67,290.8225914817518,2024-06-24 00:00:00+00:00,254.27439880371094
68,461.5253636296236,2024-06-24 00:00:00+00:00,217.3847198486328
69,517.1458393719441,2024-06-24 00:00:00+00:00,236.47369384765625
70,197.15012281492815,2024-06-24 00:00:00+00:00,233.9825897216797
71,467.29922663445205,2024-06-24 00:00:00+00:00,272.7665100097656
72,0.0,2024-06-24 00:00:00+00:00,200.17176818847656
73,236.37621884303036,2024-06-24 00:00:00+00:00,197.8533477783203
74,208.70329681429024,2024-06-24 00:00:00+00:00,250.19154357910156
75,242.19581117145006,2024-06-24 00:00:00+00:00,214.39697265625
76,0.0,2024-06-24 00:00:00+00:00,200.90879821777344
77,189.08461769691354,2024-06-24 00:00:00+00:00,249.28004455566406
78,174.36855857938838,2024-06-24 00:00:00+00:00,240.2928466796875
79,0.0,2024-06-24 00:00:00+00:00,222.600341796875
80,194.97815175479298,2024-06-24 00:00:00+00:00,230.53900146484375
81,481.58488551676305,2024-06-24 00:00:00+00:00,273.8597717285156
82,495.31737844614395,2024-06-24 00:00:00+00:00,280.29681396484375
83,468.7829879284172,2024-06-24 00:00:00+00:00,269.7008056640625
84,231.60968952810111,2024-06-24 00:00:00+00:00,428.2205505371094
85,227.14340586842852,2024-06-24 00:00:00+00:00,253.6252899169922
86,252.27001974250572,2024-06-24 00:00:00+00:00,229.72889709472656
87,193.20095084571386,2024-06-24 00:00:00+00:00,253.8900909423828
88,0.0,2024-06-24 00:00:00+00:00,220.2489776611328
89,0.0,2024-06-24 00:00:00+00:00,206.4024200439453
90,481.0882884031387,2024-06-24 00:00:00+00:00,231.18142700195312
91,208.92320595735413,2024-06-24 00:00:00+00:00,219.81015014648438
92,509.48286562666215,2024-06-24 00:00:00+00:00,213.861083984375
93,203.3909700763263,2024-06-24 00:00:00+00:00,224.71339416503906
94,512.4948984597564,2024-06-24 00:00:00+00:00,281.3598937988281
95,223.62118778727773,2024-06-24 00:00:00+00:00,222.76278686523438
96,275.0204148677616,2024-06-24 00:00:00+00:00,394.91363525390625
97,444.0691239530381,2024-06-24 00:00:00+00:00,254.1890869140625
98,0.0,2024-06-24 00:00:00+00:00,220.9352569580078
99,226.37730219593453,2024-06-24 00:00:00+00:00,237.07945251464844
100,244.01785484981542,2024-06-24 00:00:00+00:00,255.01812744140625
101,195.06186396110348,2024-06-24 00:00:00+00:00,273.71710205078125
102,479.68519801934383,2024-06-24 00:00:00+00:00,424.917724609375
103,463.47060945864894,2024-06-24 00:00:00+00:00,225.6446990966797
104,506.19700426725933,2024-06-24 00:00:00+00:00,438.59259033203125
105,0.0,2024-06-24 00:00:00+00:00,209.88668823242188
106,208.469948600802,2024-06-24 00:00:00+00:00,203.99185180664062
107,483.1186973435642,2024-06-24 00:00:00+00:00,255.28366088867188
108,274.3484027700621,2024-06-24 00:00:00+00:00,232.58404541015625
109,0.0,2024-06-24 00:00:00+00:00,231.66485595703125
110,246.72236595076012,2024-06-24 00:00:00+00:00,218.48300170898438
111,257.7586392750139,2024-06-24 00:00:00+00:00,422.5373229980469
112,477.4954764923902,2024-06-24 00:00:00+00:00,396.4649963378906
113,192.86793323024415,2024-06-24 00:00:00+00:00,250.74769592285156
114,252.80770175317608,2024-06-24 00:00:00+00:00,236.08993530273438
115,510.8293297978581,2024-06-24 00:00:00+00:00,393.66839599609375
116,456.8536619453705,2024-06-24 00:00:00+00:00,221.79747009277344
117,267.7269795597882,2024-06-24 00:00:00+00:00,255.315673828125
118,483.2011563781355,2024-06-24 00:00:00+00:00,234.33554077148438
119,457.16199438012296,2024-06-24 00:00:00+00:00,429.9189758300781
120,236.4168673657778,2024-06-24 00:00:00+00:00,0.0
121,490.38730842861804,2024-06-24 00:00:00+00:00,250.42755126953125
122,223.09161755573007,2024-06-24 00:00:00+00:00,237.5665283203125
123,513.6366098125109,2024-06-24 00:00:00+00:00,217.10581970214844
124,472.5178765023129,2024-06-24 00:00:00+00:00,359.9446716308594
125,201.95141382441523,2024-06-24 00:00:00+00:00,233.62783813476562
126,491.12903266995806,2024-06-24 00:00:00+00:00,231.33163452148438
127,500.9928332138156,2024-06-24 00:00:00+00:00,227.33250427246094
128,0.0,2024-06-24 00:00:00+00:00,260.4545593261719
129,473.946260480736,2024-06-24 00:00:00+00:00,415.47283935546875
130,215.17128654921245,2024-06-24 00:00:00+00:00,200.61874389648438
131,181.89273294436106,2024-06-24 00:00:00+00:00,233.65122985839844
132,502.56197398229835,2024-06-24 00:00:00+00:00,214.906982421875
133,0.0,2024-06-24 00:00:00+00:00,281.6162109375
134,481.84197619780286,2024-06-24 00:00:00+00:00,230.87208557128906
135,493.69717466901716,2024-06-24 00:00:00+00:00,236.5447540283203
136,284.294289306847,2024-06-24 00:00:00+00:00,235.49684143066406
137,476.4009112599918,2024-06-24 00:00:00+00:00,274.00238037109375
138,263.52884400219887,2024-06-24 00:00:00+00:00,229.57106018066406
139,511.7156200757131,2024-06-24 00:00:00+00:00,276.0256042480469
140,493.77772428421747,2024-06-24 00:00:00+00:00,228.52574157714844
141,462.3091172863418,2024-06-24 00:00:00+00:00,233.9825897216797
142,529.959333569046,2024-06-24 00:00:00+00:00,227.2335662841797
143,259.67725279427,2024-06-24 00:00:00+00:00,221.81838989257812
144,201.4385487528665,2024-06-24 00:00:00+00:00,267.22802734375
145,203.91207107218722,2024-06-24 00:00:00+00:00,258.719970703125
146,474.23363932287555,2024-06-24 00:00:00+00:00,226.9679718017578
147,244.4563361365556,2024-06-24 00:00:00+00:00,222.3242950439453
148,210.09944297774518,2024-06-24 00:00:00+00:00,244.46946716308594
149,247.9266365988736,2024-06-24 00:00:00+00:00,250.075927734375
150,181.3220538908505,2024-06-24 00:00:00+00:00,237.7904052734375
151,477.66746993365115,2024-06-24 00:00:00+00:00,230.8572235107422
152,238.4704358056996,2024-06-24 00:00:00+00:00,227.37387084960938
153,474.1155246940922,2024-06-24 00:00:00+00:00,419.49652099609375
154,216.9262931366689,2024-06-24 00:00:00+00:00,250.74769592285156
155,242.08056179062243,2024-06-24 00:00:00+00:00,428.4389953613281
156,236.93775980754697,2024-06-24 00:00:00+00:00,217.2112579345703
157,190.13347558329653,2024-06-24 00:00:00+00:00,252.08193969726562
158,242.55766938294704,2024-06-24 00:00:00+00:00,425.1660461425781
159,254.83749200163885,2024-06-24 00:00:00+00:00,255.83921813964844
160,0.0,2024-06-24 00:00:00+00:00,218.89935302734375
161,502.71169566585695,2024-06-24 00:00:00+00:00,277.7833251953125
162,217.6553936087415,2024-06-24 00:00:00+00:00,267.10833740234375
163,0.0,2024-06-24 00:00:00+00:00,195.8169403076172
164,479.6557022763999,2024-06-24 00:00:00+00:00,216.20944213867188
165,195.4018665249322,2024-06-24 00:00:00+00:00,407.43072509765625
166,257.8914550113798,2024-06-24 00:00:00+00:00,217.85813903808594
167,0.0,2024-06-24 00:00:00+00:00,260.10205078125
168,489.89879163607355,2024-06-24 00:00:00+00:00,245.21630859375
169,231.13025737870703,2024-06-24 00:00:00+00:00,407.43072509765625
170,416.1030925631312,2024-06-24 00:00:00+00:00,251.77769470214844
171,246.59781939781644,2024-06-24 00:00:00+00:00,201.69781494140625
172,0.0,2024-06-24 00:00:00+00:00,231.12301635742188
173,200.41089163460484,2024-06-24 00:00:00+00:00,225.5329132080078
174,0.0,2024-06-24 00:00:00+00:00,218.42236328125
175,228.88399474695794,2024-06-24 00:00:00+00:00,209.884521484375
176,283.01469837968807,2024-06-24 00:00:00+00:00,258.1642761230469
177,215.14144327408104,2024-06-24 00:00:00+00:00,207.3772735595703
178,0.0,2024-06-24 00:00:00+00:00,230.53900146484375
179,450.31007990748503,2024-06-24 00:00:00+00:00,241.8470458984375
180,510.20204861007056,2024-06-24 00:00:00+00:00,245.3257598876953
181,253.5411178774054,2024-06-24 00:00:00+00:00,266.49176025390625
182,260.4285018948922,2024-06-24 00:00:00+00:00,220.7770233154297
183,471.4426947653162,2024-06-24 00:00:00+00:00,265.47564697265625
184,192.70444199042475,2024-06-24 00:00:00+00:00,230.0311737060547
185,499.0566610075864,2024-06-24 00:00:00+00:00,260.2978820800781
186,0.0,2024-06-24 00:00:00+00:00,277.50244140625
187,225.71553347765536,2024-06-24 00:00:00+00:00,277.92376708984375
188,241.4998851071059,2024-06-24 00:00:00+00:00,436.4332580566406
189,200.51110267558727,2024-06-24 00:00:00+00:00,217.15342712402344
190,493.8723502147031,2024-06-24 00:00:00+00:00,225.74862670898438
191,272.5360765104588,2024-06-24 00:00:00+00:00,206.2079620361328
192,270.9265965938663,2024-06-24 00:00:00+00:00,216.95785522460938
193,515.4224582963692,2024-06-24 00:00:00+00:00,230.09449768066406
194,0.0,2024-06-24 00:00:00+00:00,227.1908721923828
195,259.282344058558,2024-06-24 00:00:00+00:00,269.7248840332031
196,450.8828837630576,2024-06-24 00:00:00+00:00,425.8975830078125
197,204.71409096347534,2024-06-24 00:00:00+00:00,227.1908721923828
198,472.6258254419292,2024-06-24 00:00:00+00:00,225.83078002929688
199,505.16446118266214,2024-06-24 00:00:00+00:00,218.36044311523438
200,475.8656071919568,2024-06-24 00:00:00+00:00,253.8900909423828
201,267.0642940444163,2024-06-24 00:00:00+00:00,221.1964569091797
202,203.26352593165433,2024-06-24 00:00:00+00:00,261.2242736816406
203,250.33359591989333,2024-06-24 00:00:00+00:00,224.1407928466797
204,186.12915175280708,2024-06-24 00:00:00+00:00,431.929443359375
205,0.0,2024-06-24 00:00:00+00:00,221.8074951171875
206,203.43220558092122,2024-06-24 00:00:00+00:00,236.79400634765625
207,492.17608181056244,2024-06-24 00:00:00+00:00,261.0035095214844
208,506.11755924160497,2024-06-24 00:00:00+00:00,235.13681030273438
209,495.5061685605513,2024-06-24 00:00:00+00:00,241.98516845703125
210,478.74098291406807,2024-06-24 00:00:00+00:00,231.06460571289062
211,470.6904149916666,2024-06-24 00:00:00+00:00,261.0035095214844
212,246.60088605626706,2024-06-24 00:00:00+00:00,253.58546447753906
213,226.42617172768726,2024-06-24 00:00:00+00:00,278.3077392578125
214,162.1278278874588,2024-06-24 00:00:00+00:00,257.31640625
215,256.9249450340062,2024-06-24 00:00:00+00:00,218.42236328125
216,232.05366854368842,2024-06-24 00:00:00+00:00,224.67628479003906
217,487.79922296092275,2024-06-24 00:00:00+00:00,259.86859130859375
218,0.0,2024-06-24 00:00:00+00:00,202.62071228027344
219,202.10660701272087,2024-06-24 00:00:00+00:00,242.64292907714844
220,0.0,2024-06-24 00:00:00+00:00,220.164794921875
221,247.08736893610302,2024-06-24 00:00:00+00:00,253.95626831054688
222,465.3168376037197,2024-06-24 00:00:00+00:00,263.8131408691406
223,230.91770008215872,2024-06-24 00:00:00+00:00,233.74725341796875
224,485.09557694498574,2024-06-24 00:00:00+00:00,435.037353515625
225,455.5886519861801,2024-06-24 00:00:00+00:00,429.3122253417969
226,459.64405892159965,2024-06-24 00:00:00+00:00,211.33615112304688
227,211.10142183569667,2024-06-24 00:00:00+00:00,275.863037109375
228,433.4913562362568,2024-06-24 00:00:00+00:00,208.91671752929688
229,217.11297519174673,2024-06-24 00:00:00+00:00,229.94622802734375
230,227.21373031300345,2024-06-24 00:00:00+00:00,227.5758056640625
231,0.0,2024-06-24 00:00:00+00:00,213.99688720703125
232,469.6984470715197,2024-06-24 00:00:00+00:00,417.51416015625
233,226.45453644738686,2024-06-24 00:00:00+00:00,250.34701538085938
234,270.2040085733047,2024-06-24 00:00:00+00:00,429.226318359375
235,244.76893566300026,2024-06-24 00:00:00+00:00,210.27850341796875
236,443.28199420001465,2024-06-24 00:00:00+00:00,208.906005859375
237,250.19224288234065,2024-06-24 00:00:00+00:00,235.3746337890625
238,0.0,2024-06-24 00:00:00+00:00,213.36195373535156
239,263.86447940023413,2024-06-24 00:00:00+00:00,208.64756774902344
240,213.1347336599176,2024-06-24 00:00:00+00:00,229.79360961914062
241,462.7479192878028,2024-06-24 00:00:00+00:00,395.93280029296875
242,473.7810582313821,2024-06-24 00:00:00+00:00,228.33340454101562
243,0.0,2024-06-24 00:00:00+00:00,244.6007843017578
244,219.91564015624226,2024-06-24 00:00:00+00:00,198.0931396484375
245,489.74445896726047,2024-06-24 00:00:00+00:00,416.4937438964844
246,497.8852324633945,2024-06-24 00:00:00+00:00,412.0180358886719
247,465.9527883491105,2024-06-24 00:00:00+00:00,249.9893341064453
248,0.0,2024-06-24 00:00:00+00:00,213.63829040527344
249,0.0,2024-06-24 00:00:00+00:00,420.705078125
250,497.3311197767885,2024-06-24 00:00:00+00:00,423.6865539550781
251,492.7854707805352,2024-06-24 00:00:00+00:00,410.0769958496094
252,280.037961903452,2024-06-24 00:00:00+00:00,240.80294799804688
253,512.3414985777204,2024-06-24 00:00:00+00:00,230.0311737060547
254,474.6530917842869,2024-06-24 00:00:00+00:00,214.2355499267578
255,293.6131734714186,2024-06-24 00:00:00+00:00,266.970947265625
256,0.0,2024-06-24 00:00:00+00:00,257.11431884765625
257,500.7275911751369,2024-06-24 00:00:00+00:00,236.8852081298828
258,501.2497997285376,2024-06-24 00:00:00+00:00,211.15960693359375
259,0.0,2024-06-24 00:00:00+00:00,254.65988159179688
260,505.54341805697993,2024-06-24 00:00:00+00:00,426.71234130859375
261,245.4674833314645,2024-06-24 00:00:00+00:00,241.10589599609375
262,454.9571019402626,2024-06-24 00:00:00+00:00,253.99403381347656
263,457.050235623935,2024-06-24 00:00:00+00:00,281.3598937988281
264,223.05837752996123,2024-06-24 00:00:00+00:00,407.43072509765625
265,0.0,2024-06-24 00:00:00+00:00,174.16156005859375
266,495.3240859819965,2024-06-24 00:00:00+00:00,233.74725341796875
267,0.0,2024-06-24 00:00:00+00:00,226.6346893310547
268,463.32860366635794,2024-06-24 00:00:00+00:00,278.4720764160156
269,0.0,2024-06-24 00:00:00+00:00,221.6258087158203
270,203.2353481415214,2024-06-24 00:00:00+00:00,280.5842590332031
271,0.0,2024-06-24 00:00:00+00:00,252.38626098632812
272,475.40748842539006,2024-06-24 00:00:00+00:00,232.42108154296875
273,242.39428423102166,2024-06-24 00:00:00+00:00,222.46231079101562
274,176.58117998847763,2024-06-24 00:00:00+00:00,405.2750549316406
275,0.0,2024-06-24 00:00:00+00:00,231.18142700195312
276,0.0,2024-06-24 00:00:00+00:00,241.00625610351562
277,0.0,2024-06-24 00:00:00+00:00,224.09957885742188
278,223.7439289043683,2024-06-24 00:00:00+00:00,431.0066223144531
279,467.7816131313907,2024-06-24 00:00:00+00:00,220.27883911132812
280,477.61605269190386,2024-06-24 00:00:00+00:00,214.6128692626953
281,485.08800925590594,2024-06-24 00:00:00+00:00,250.26861572265625
282,191.14471360577141,2024-06-24 00:00:00+00:00,243.59619140625
283,255.1268315206229,2024-06-24 00:00:00+00:00,260.77734375
284,215.45614831130965,2024-06-24 00:00:00+00:00,447.64483642578125
285,243.09504234620795,2024-06-24 00:00:00+00:00,347.5598449707031
286,276.199195189503,2024-06-24 00:00:00+00:00,221.7824249267578
287,0.0,2024-06-24 00:00:00+00:00,230.94775390625
288,186.1287709635736,2024-06-24 00:00:00+00:00,241.5045166015625
289,263.1076928803427,2024-06-24 00:00:00+00:00,225.00669860839844
290,201.31611845387152,2024-06-24 00:00:00+00:00,216.88388061523438
291,193.48503279651476,2024-06-24 00:00:00+00:00,253.45631408691406
292,486.38177189808897,2024-06-24 00:00:00+00:00,415.47283935546875
293,478.8142322314377,2024-06-24 00:00:00+00:00,272.6038513183594
294,488.3051757702663,2024-06-24 00:00:00+00:00,432.088623046875
295,467.2564361669628,2024-06-24 00:00:00+00:00,249.9019012451172
296,225.03529565020605,2024-06-24 00:00:00+00:00,269.7248840332031
297,260.32004805058966,2024-06-24 00:00:00+00:00,226.71041870117188
298,228.19036836068187,2024-06-24 00:00:00+00:00,213.4467010498047
299,245.1756165123754,2024-06-24 00:00:00+00:00,197.86813354492188
300,230.43086469342606,2024-06-24 00:00:00+00:00,279.6597595214844
301,197.6567764949946,2024-06-24 00:00:00+00:00,275.83050537109375
302,0.0,2024-06-24 00:00:00+00:00,235.3987274169922
303,475.57417032718763,2024-06-24 00:00:00+00:00,422.12322998046875
304,502.4573484483165,2024-06-24 00:00:00+00:00,259.2298278808594
305,270.94039325375905,2024-06-24 00:00:00+00:00,202.6838836669922
306,0.0,2024-06-24 00:00:00+00:00,207.2722625732422
307,470.52009968892395,2024-06-24 00:00:00+00:00,408.9446105957031
308,241.3902137534087,2024-06-24 00:00:00+00:00,233.2266082763672
309,178.36699674214583,2024-06-24 00:00:00+00:00,416.4937438964844
310,213.70049051019137,2024-06-24 00:00:00+00:00,211.4290771484375
311,480.20076589905955,2024-06-24 00:00:00+00:00,230.49073791503906
312,251.2988689942956,2024-06-24 00:00:00+00:00,277.7833251953125
313,196.36934335804392,2024-06-24 00:00:00+00:00,425.7893371582031
314,236.1943559403512,2024-06-24 00:00:00+00:00,258.72613525390625
315,271.67804876960645,2024-06-24 00:00:00+00:00,278.3077392578125
316,512.752242122009,2024-06-24 00:00:00+00:00,244.15353393554688
317,199.4336490672503,2024-06-24 00:00:00+00:00,233.2843475341797
318,496.1614627309363,2024-06-24 00:00:00+00:00,413.72650146484375
319,278.95573412783943,2024-06-24 00:00:00+00:00,202.2316131591797
320,238.97947831975176,2024-06-24 00:00:00+00:00,236.52975463867188
321,510.0399380288328,2024-06-24 00:00:00+00:00,214.7675018310547
322,483.71347509663616,2024-06-24 00:00:00+00:00,411.1900939941406
323,482.5339693846124,2024-06-24 00:00:00+00:00,280.5842590332031
324,474.7910458254268,2024-06-24 00:00:00+00:00,219.68603515625
325,263.2808770362393,2024-06-24 00:00:00+00:00,198.84425354003906
326,206.97922129850852,2024-06-24 00:00:00+00:00,276.4642028808594
327,219.54390188481864,2024-06-24 00:00:00+00:00,235.3987274169922
328,519.9989625329453,2024-06-24 00:00:00+00:00,250.23007202148438
329,489.4800487208497,2024-06-24 00:00:00+00:00,244.6007843017578
330,0.0,2024-06-24 00:00:00+00:00,211.11920166015625
331,193.69998372890004,2024-06-24 00:00:00+00:00,216.3865509033203
332,256.9239926873519,2024-06-24 00:00:00+00:00,206.78392028808594
333,0.0,2024-06-24 00:00:00+00:00,261.4437255859375
334,198.03209262664137,2024-06-24 00:00:00+00:00,262.96539306640625
335,501.34133584441736,2024-06-24 00:00:00+00:00,250.19154357910156
336,461.8729125849479,2024-06-24 00:00:00+00:00,258.71075439453125
337,0.0,2024-06-24 00:00:00+00:00,270.8191833496094
338,245.09420904567762,2024-06-24 00:00:00+00:00,261.3559875488281
339,453.3356442126743,2024-06-24 00:00:00+00:00,206.23617553710938
340,433.8022474570854,2024-06-24 00:00:00+00:00,267.1126708984375
341,191.12384106076206,2024-06-24 00:00:00+00:00,227.39874267578125
342,210.08524858761396,2024-06-24 00:00:00+00:00,240.76792907714844
343,0.0,2024-06-24 00:00:00+00:00,239.8775634765625
344,220.22135497724008,2024-06-24 00:00:00+00:00,214.0308380126953
345,235.50488471695118,2024-06-24 00:00:00+00:00,221.9102783203125
346,0.0,2024-06-24 00:00:00+00:00,277.3524169921875
347,507.8505368073658,2024-06-24 00:00:00+00:00,212.21609497070312
348,259.0846029277244,2024-06-24 00:00:00+00:00,221.81838989257812
349,248.2819201015846,2024-06-24 00:00:00+00:00,275.77459716796875
350,474.62966406065436,2024-06-24 00:00:00+00:00,248.7576904296875
351,220.9159572854252,2024-06-24 00:00:00+00:00,412.3529968261719
352,266.735114011333,2024-06-24 00:00:00+00:00,233.65122985839844
353,495.77274191036116,2024-06-24 00:00:00+00:00,228.5725555419922
354,481.9399679768407,2024-06-24 00:00:00+00:00,234.33554077148438
355,474.0554317468715,2024-06-24 00:00:00+00:00,424.917724609375
356,492.0796056206583,2024-06-24 00:00:00+00:00,223.42051696777344
357,489.52544080248464,2024-06-24 00:00:00+00:00,209.89862060546875
358,467.7208036208272,2024-06-24 00:00:00+00:00,214.2355499267578
359,487.76378721744265,2024-06-24 00:00:00+00:00,236.52975463867188
360,202.11975841648393,2024-06-24 00:00:00+00:00,236.8852081298828
361,204.26696732636282,2024-06-24 00:00:00+00:00,224.6779022216797
362,202.2680194357312,2024-06-24 00:00:00+00:00,281.6162109375
363,210.8427997974049,2024-06-24 00:00:00+00:00,233.63368225097656
364,478.82891217060865,2024-06-24 00:00:00+00:00,255.2478485107422
365,498.1580455730432,2024-06-24 00:00:00+00:00,276.6863098144531
366,449.7471955851432,2024-06-24 00:00:00+00:00,422.12322998046875
367,0.0,2024-06-24 00:00:00+00:00,196.30369567871094
368,243.2339151553179,2024-06-24 00:00:00+00:00,275.77459716796875
369,210.87098378738477,2024-06-24 00:00:00+00:00,227.3878936767578
370,0.0,2024-06-24 00:00:00+00:00,203.03778076171875
371,203.21591110507143,2024-06-24 00:00:00+00:00,359.9446716308594
372,246.04594480230776,2024-06-24 00:00:00+00:00,213.38377380371094
373,201.7875225699669,2024-06-24 00:00:00+00:00,228.93508911132812
374,0.0,2024-06-24 00:00:00+00:00,189.03192138671875
375,229.68462244902872,2024-06-24 00:00:00+00:00,227.25491333007812
376,210.6272330666288,2024-06-24 00:00:00+00:00,240.2928466796875
377,495.8317100797281,2024-06-24 00:00:00+00:00,273.8597717285156
378,503.30817145329195,2024-06-24 00:00:00+00:00,259.42431640625
379,208.40861041946386,2024-06-24 00:00:00+00:00,226.93270874023438
380,239.3087972516483,2024-06-24 00:00:00+00:00,209.91748046875
381,489.8232167159501,2024-06-24 00:00:00+00:00,228.93508911132812
382,0.0,2024-06-24 00:00:00+00:00,242.63526916503906
383,232.88638078176854,2024-06-24 00:00:00+00:00,244.99459838867188
384,0.0,2024-06-24 00:00:00+00:00,208.01220703125
385,444.2508757963784,2024-06-24 00:00:00+00:00,225.6558837890625
386,260.5201389618891,2024-06-24 00:00:00+00:00,436.8365478515625
387,0.0,2024-06-24 00:00:00+00:00,231.69970703125
388,235.89477169068863,2024-06-24 00:00:00+00:00,230.5406951904297
389,494.64659486797143,2024-06-24 00:00:00+00:00,241.7604522705078
390,216.65734112442624,2024-06-24 00:00:00+00:00,232.42108154296875
391,494.3372561094889,2024-06-24 00:00:00+00:00,281.5649719238281
392,489.1731677379222,2024-06-24 00:00:00+00:00,242.6276092529297
393,283.7225340328079,2024-06-24 00:00:00+00:00,240.67474365234375
394,223.77385548018285,2024-06-24 00:00:00+00:00,227.36483764648438
395,170.05085678128043,2024-06-24 00:00:00+00:00,233.56056213378906
396,0.0,2024-06-24 00:00:00+00:00,208.23309326171875
397,497.7904704199267,2024-06-24 00:00:00+00:00,250.45172119140625
398,529.2903710873413,2024-06-24 00:00:00+00:00,235.44924926757812
399,277.3581684903984,2024-06-24 00:00:00+00:00,433.1900329589844
