entity_id,label,CLASS,SCORE
1,5.0,5,0.7490872144699097
2,0.0,0,0.8333246111869812
5,1.0,1,0.5486735105514526
7,2.0,2,0.7690802216529846
8,5.0,5,0.7918210625648499
9,5.0,5,0.7106282711029053
10,2.0,2,0.5
11,3.0,3,0.7620701193809509
13,1.0,1,0.709019124507904
14,7.0,2,0.8210441470146179
15,4.0,4,0.3259495198726654
18,1.0,1,0.700894832611084
20,2.0,2,0.8233283758163452
24,4.0,5,0.7799928784370422
26,1.0,1,0.8104788661003113
27,0.0,0,0.7520125508308411
28,1.0,1,0.6757646203041077
30,5.0,4,0.7154240012168884
31,4.0,3,0.28298813104629517
35,5.0,5,0.7956580519676208
36,2.0,1,0.7106282711029053
37,1.0,3,0.7866228222846985
38,2.0,2,0.590779185295105
39,2.0,2,0.8244618773460388
40,4.0,4,0.7759445905685425
41,5.0,4,0.6619228720664978
42,8.0,4,0.8479677438735962
43,4.0,4,0.6619228720664978
44,3.0,3,0.3023911118507385
46,3.0,3,0.7233095169067383
50,2.0,2,0.7799928784370422
52,0.0,5,0.642432451248169
53,2.0,1,0.7918210625648499
56,3.0,3,0.7461389899253845
57,5.0,5,0.6774740219116211
60,1.0,1,0.6636689305305481
63,5.0,5,0.665410578250885
64,0.0,0,0.4882833957672119
65,0.0,0,0.7981867790222168
66,5.0,4,0.735641598701477
68,1.0,2,0.7943849563598633
69,0.0,0,0.8606036305427551
71,2.0,1,0.6876299977302551
74,4.0,5,0.6477982401847839
75,0.0,5,0.7981867790222168
77,2.0,2,0.7549149990081787
78,0.0,5,0.5563995838165283
80,3.0,2,0.7606506943702698
81,3.0,2,0.8418256044387817
82,3.0,3,0.7994422912597656
83,11.0,0,0.6584175229072571
84,1.0,1,0.6334102749824524
85,8.0,1,0.7371581792831421
87,3.0,3,0.5428633093833923
90,5.0,4,0.5736784338951111
91,3.0,3,0.6992543935775757
92,0.0,5,0.6460136771202087
93,3.0,3,0.7074047327041626
94,1.0,0,0.700894832611084
97,5.0,5,0.665410578250885
99,4.0,3,0.8068526387214661
101,5.0,5,0.5832033753395081
102,4.0,4,0.5175709128379822
103,2.0,2,0.8723474144935608
104,0.0,0,0.8688268065452576
107,0.0,0,0.8652240633964539
108,4.0,3,0.6825737357139587
112,1.0,1,0.6566582322120667
113,0.0,0,0.7866228222846985
115,1.0,1,0.7154240012168884
116,2.0,2,0.7648916244506836
118,5.0,5,0.6619228720664978
119,1.0,4,0.5234203934669495
121,2.0,1,0.6057990789413452
122,1.0,1,0.842863142490387
123,4.0,3,0.6297746300697327
124,0.0,0,0.8221890926361084
125,2.0,2,0.685949444770813
126,3.0,3,0.6992543935775757
127,2.0,2,0.8311430811882019
129,1.0,1,0.6976089477539062
131,2.0,2,0.7718434929847717
132,3.0,3,0.750552773475647
134,4.0,4,0.740174412727356
135,1.0,1,0.8539127111434937
137,4.0,3,0.5136684775352478
138,2.0,2,0.7732163667678833
139,0.0,0,0.7866228222846985
140,2.0,2,0.804405927658081
141,9.0,5,0.7813306450843811
142,2.0,2,0.8674854040145874
144,0.0,0,0.8529354333877563
145,2.0,2,0.740174412727356
146,6.0,5,0.6876299977302551
150,0.0,3,0.8327813148498535
151,3.0,3,0.7264255881309509
153,1.0,1,0.7520125508308411
154,3.0,3,0.7676898241043091
155,1.0,1,0.5832033753395081
157,8.0,2,0.7799928784370422
158,0.0,0,0.7839884757995605
161,2.0,2,0.7233095169067383
162,5.0,5,0.6113819479942322
164,4.0,4,0.6825737357139587
165,0.0,0,0.5409238338470459
168,2.0,2,0.7892336845397949
169,2.0,2,0.5563995838165283
170,5.0,5,0.750552773475647
173,5.0,5,0.6943026781082153
179,4.0,4,0.7057850360870361
180,5.0,4,0.7386690378189087
181,0.0,5,0.5389832258224487
183,3.0,3,0.7634837031364441
184,5.0,5,0.6531268954277039
185,5.0,5,0.6039317846298218
187,2.0,3,0.3073580265045166
188,2.0,1,0.49609383940696716
189,4.0,4,0.7534666657447815
190,5.0,5,0.685949444770813
193,1.0,1,0.8221890926361084
196,0.0,0,0.6057990789413452
197,4.0,4,0.8050197958946228
198,1.0,0,0.6352224349975586
199,2.0,2,0.8438951373100281
200,5.0,5,0.5983121991157532
202,1.0,1,0.6926419734954834
204,3.0,3,0.28140559792518616
206,2.0,4,0.7799928784370422
207,1.0,1,0.7606506943702698
208,5.0,1,0.7138307690620422
209,0.0,5,0.6334102749824524
210,4.0,4,0.6706082820892334
211,4.0,4,0.6808785796165466
213,10.0,5,0.7759445905685425
214,4.0,4,0.665410578250885
216,8.0,5,0.8056321740150452
217,3.0,2,0.5525397062301636
219,1.0,0,0.6601723432540894
222,4.0,5,0.6113819479942322
223,2.0,1,0.5273165106773376
224,4.0,4,0.7853085398674011
225,4.0,4,0.5698526501655579
226,0.0,5,0.66888028383255
227,5.0,5,0.47852882742881775
228,0.0,5,0.6513549089431763
232,0.0,0,0.6909762620925903
234,5.0,4,0.6057990789413452
236,3.0,2,0.8198933005332947
237,3.0,3,0.6774740219116211
240,5.0,5,0.6132366061210632
241,0.0,0,0.7866228222846985
242,4.0,4,0.7634837031364441
245,1.0,1,0.4824291169643402
246,3.0,2,0.6132366061210632
247,4.0,3,0.6513549089431763
250,1.0,1,0.672331690788269
251,0.0,0,0.8267117738723755
253,1.0,1,0.8006919622421265
254,3.0,3,0.7662936449050903
257,2.0,2,0.7279754281044006
258,5.0,5,0.7122321724891663
260,0.0,1,0.4205996096134186
262,0.0,0,0.7620701193809509
263,2.0,2,0.642432451248169
264,4.0,4,0.6150878667831421
266,8.0,4,0.740174412727356
268,4.0,0,0.729519784450531
270,2.0,2,0.5945512652397156
272,5.0,5,0.750552773475647
274,3.0,2,0.7431679368019104
278,3.0,3,0.8791467547416687
279,3.0,2,0.8289388418197632
280,3.0,3,0.7170118689537048
281,5.0,5,0.6187804341316223
282,8.0,4,0.7170118689537048
283,2.0,2,0.7520125508308411
284,1.0,4,0.804405927658081
285,10.0,3,0.5
288,2.0,2,0.7786493301391602
290,4.0,4,0.7490872144699097
291,0.0,0,0.735641598701477
292,1.0,2,0.6460136771202087
293,1.0,1,0.7662936449050903
294,0.0,0,0.7371581792831421
295,5.0,5,0.47852882742881775
296,0.0,0,0.8509646654129028
297,1.0,3,0.8459424376487732
300,5.0,5,0.6774740219116211
301,0.0,5,0.4668456017971039
303,4.0,4,0.672331690788269
304,3.0,2,0.8006919622421265
307,0.0,0,0.6150878667831421
309,3.0,0,0.47073662281036377
310,3.0,5,0.6893056035041809
311,3.0,3,0.6315943002700806
313,5.0,5,0.8233283758163452
314,1.0,0,0.6825737357139587
316,4.0,3,0.6757646203041077
317,7.0,2,0.7648916244506836
318,1.0,1,0.6020615696907043
321,3.0,2,0.7866228222846985
322,2.0,2,0.6113819479942322
323,3.0,3,0.5097643733024597
324,7.0,0,0.7905303239822388
326,1.0,1,0.7732163667678833
327,3.0,3,0.7956580519676208
328,3.0,3,0.8019358515739441
329,10.0,0,0.7718434929847717
331,3.0,3,0.7563575506210327
334,5.0,5,0.7025300860404968
335,1.0,1,0.8056321740150452
336,2.0,2,0.6548947095870972
338,5.0,4,0.7341195344924927
339,2.0,2,0.8019358515739441
340,1.0,1,0.7025300860404968
341,2.0,1,0.8370879292488098
342,2.0,2,0.7122321724891663
344,4.0,4,0.7520125508308411
347,11.0,4,0.729519784450531
350,5.0,5,0.6169357895851135
353,4.0,4,0.6315943002700806
354,1.0,1,0.7905303239822388
355,0.0,0,0.7025300860404968
356,5.0,5,0.740174412727356
357,4.0,4,0.672331690788269
358,5.0,5,0.7606506943702698
359,2.0,5,0.6909762620925903
360,3.0,2,0.7981867790222168
361,3.0,3,0.7563575506210327
362,8.0,2,0.8652240633964539
363,5.0,5,0.7690802216529846
364,4.0,4,0.7943849563598633
365,1.0,0,0.8577680587768555
366,1.0,0,0.7563575506210327
368,5.0,4,0.6842640042304993
369,2.0,2,0.7371581792831421
371,4.0,4,0.5755879878997803
373,2.0,1,0.7563575506210327
375,3.0,2,0.6706082820892334
376,2.0,2,0.815232515335083
377,3.0,3,0.5
378,1.0,1,0.6315943002700806
381,7.0,4,0.6943026781082153
385,0.0,0,0.7732163667678833
388,5.0,4,0.5851011276245117
389,5.0,5,0.6959583163261414
391,0.0,0,0.7994422912597656
392,3.0,2,0.5078118443489075
395,0.0,0,0.8820220232009888
397,0.0,0,0.8489722013473511
398,5.0,4,0.6132366061210632
399,2.0,1,0.7122321724891663
